{
  "num_sentences": 6984,
  "vocab_size": 3614,
  "cooc_size": 250048,
  "dims": {
    "50": {
      "sgns_losses": [
        3.2340052541020228,
        2.474727187726113,
        2.2200193844669625
      ],
      "glove_losses": [
        0.0308923251983624,
        0.0234256895557083,
        0.01831238561265879,
        0.015434808841055796,
        0.014421101363337583,
        0.013793963375982168,
        0.013341020510152284,
        0.012992612643045616,
        0.01271338684937748,
        0.01248212807675965
      ],
      "neighbors": {
        "Australia": {
          "sgns": [
            [
              "Philippines",
              0.9986599683761597
            ],
            [
              "football",
              0.9986209273338318
            ],
            [
              "Walker",
              0.9985086917877197
            ],
            [
              "A",
              0.9984609484672546
            ],
            [
              "Lewes",
              0.9984456896781921
            ],
            [
              "such",
              0.9984128475189209
            ],
            [
              "Philippine",
              0.9984109401702881
            ],
            [
              "23",
              0.9982825517654419
            ]
          ],
          "glove": [
            [
              "South",
              0.9893068586083463
            ],
            [
              "his",
              0.9873238219224494
            ],
            [
              "and",
              0.9870910258823571
            ],
            [
              "its",
              0.9870775321359091
            ],
            [
              "music",
              0.9870127043600694
            ],
            [
              "their",
              0.9868672352176152
            ],
            [
              "Senator",
              0.9868291513685118
            ],
            [
              "used",
              0.9867923708953097
            ]
          ]
        },
        "YMCA": {
          "sgns": [
            [
              "Adelaide",
              0.9987479448318481
            ],
            [
              "game",
              0.9978108406066895
            ],
            [
              "South",
              0.997807502746582
            ],
            [
              "cultural",
              0.997246503829956
            ],
            [
              "House",
              0.9971305727958679
            ],
            [
              "Texas",
              0.9962977170944214
            ],
            [
              "promotion",
              0.9958294034004211
            ],
            [
              "Member",
              0.9955085515975952
            ]
          ],
          "glove": [
            [
              "between",
              0.9912738976132328
            ],
            [
              "one",
              0.9909842710393512
            ],
            [
              "number",
              0.990670490890188
            ],
            [
              "and",
              0.9903570856768119
            ],
            [
              "for",
              0.9900729472232646
            ],
            [
              "other",
              0.9898512546779598
            ],
            [
              "music",
              0.9898047115799532
            ],
            [
              "an",
              0.9897207621280147
            ]
          ]
        },
        "South": {
          "sgns": [
            [
              "Adelaide",
              0.9994730949401855
            ],
            [
              "players",
              0.9985453486442566
            ],
            [
              "years",
              0.998191773891449
            ],
            [
              "not",
              0.998075544834137
            ],
            [
              "only",
              0.9979748129844666
            ],
            [
              "cultural",
              0.9979676604270935
            ],
            [
              "House",
              0.997939944267273
            ],
            [
              "Texas",
              0.9978344440460205
            ]
          ],
          "glove": [
            [
              "called",
              0.9969440743362599
            ],
            [
              "and",
              0.9969098466514207
            ],
            [
              "their",
              0.9967383396756933
            ],
            [
              "British",
              0.9966659919016496
            ],
            [
              "for",
              0.9966383374049549
            ],
            [
              "then",
              0.9965066400907794
            ],
            [
              "into",
              0.9964774288039808
            ],
            [
              "new",
              0.9964345444587414
            ]
          ]
        },
        "building": {
          "sgns": [
            [
              "system",
              0.9981984496116638
            ],
            [
              "team",
              0.9981420040130615
            ],
            [
              "damage",
              0.9978958964347839
            ],
            [
              "world",
              0.9977422952651978
            ],
            [
              "became",
              0.9976383447647095
            ],
            [
              "chair",
              0.9975835680961609
            ],
            [
              "under",
              0.9975261092185974
            ],
            [
              "took",
              0.9974991679191589
            ]
          ],
          "glove": [
            [
              "the",
              0.9973296508540019
            ],
            [
              "following",
              0.9969327807418855
            ],
            [
              "book",
              0.9968908159455105
            ],
            [
              "team",
              0.9968592538298546
            ],
            [
              "In",
              0.9968404325239113
            ],
            [
              "when",
              0.9967869294711468
            ],
            [
              "British",
              0.9966121715189313
            ],
            [
              "became",
              0.9966062511498325
            ]
          ]
        }
      }
    },
    "100": {
      "sgns_losses": [
        3.2423687537061836,
        2.474007430530447,
        2.219848981942587
      ],
      "glove_losses": [
        0.03115713659171081,
        0.02371546859819168,
        0.01875607838226476,
        0.015544457959553297,
        0.0144744639299433,
        0.013829245801868804,
        0.013366052899076874,
        0.013007260067675728,
        0.012719176769095536,
        0.01247394175533962
      ],
      "neighbors": {
        "Australia": {
          "sgns": [
            [
              "life",
              0.9988349676132202
            ],
            [
              "A",
              0.9986912608146667
            ],
            [
              "Philippine",
              0.9986199736595154
            ],
            [
              "issued",
              0.9984537363052368
            ],
            [
              "named",
              0.9982388615608215
            ],
            [
              "programmes",
              0.9979639053344727
            ],
            [
              "both",
              0.9979628324508667
            ],
            [
              "English",
              0.9979367852210999
            ]
          ],