{
  "constraint_analysis": {
    "n": 5,
    "d_model": 6,
    "d_k": 4,
    "symmetry_max_abs_diff": 0.0,
    "score_matrix": [
      [
        23.305767059326172,
        -20.17975616455078,
        -31.958415985107422,
        -0.6057620048522949,
        -12.22381591796875
      ],
      [
        -20.17975616455078,
        40.11658477783203,
        24.877845764160156,
        -20.043336868286133,
        -23.4281063079834
      ],
      [
        -31.958415985107422,
        24.877845764160156,
        57.085872650146484,
        10.20673942565918,
        32.21799850463867
      ],
      [
        -0.6057620048522949,
        -20.043336868286133,
        10.20673942565918,
        26.35137939453125,
        39.751708984375
      ],
      [
        -12.22381591796875,
        -23.4281063079834,
        32.21799850463867,
        39.751708984375,
        68.96347045898438
      ]
    ]
  },
  "beta_behavior": {
    "query": [
      1.0,
      -0.5,
      0.8
    ],
    "keys": [
      [
        0.9,
        -0.4,
        0.7
      ],
      [
        1.2,
        -0.6,
        1.1
      ],
      [
        0.3,
        0.2,
        -0.1
      ],
      [
        -0.4,
        0.7,
        -0.8
      ]
    ],
    "values": [
      [
        0.2,
        1.0
      ],
      [
        1.3,
        0.1
      ],
      [
        -0.2,
        0.6
      ],
      [
        0.0,
        -0.5
      ]
    ],
    "raw_logits": [
      1.6600000000000001,
      2.38,
      0.11999999999999997,
      -1.3900000000000001
    ],
    "argmax_index": 1,
    "uniform_alpha_limit": [
      0.25,
      0.25,
      0.25,
      0.25
    ],
    "average_context_limit": [
      0.325,
      0.30000000000000004
    ],
    "cases": {
      "beta_to_zero": {
        "beta": 0.0001,
        "alpha": [
          0.25002418602980325,
          0.2500421884192756,
          0.24998568526978923,
          0.24994794028113185
        ],
        "context": [
          0.3250625450970611,
          0.3000458458930384
        ]
      },
      "transformer_beta": {
        "beta": 0.5773502691896258,
        "alpha": [
          0.3227551604324804,
          0.4891094127303921,
          0.13265802867324894,
          0.05547739816387843
        ],
        "context": [
          0.6738616629013561,
          0.42352221982752974
        ]
      },
      "beta_to_infinity": {
        "beta": 100.0,
        "alpha": [
          5.380186160021138e-32,
          1.0,
          7.070450560725609e-99,
          1.8662951286209762e-164
        ],
        "context": [
          1.3,
          0.1
        ]
      }
    }
  },
  "causal_mask": {
    "n": 4,
    "numeric_mask": [
      [
        0.0,
        -Infinity,
        -Infinity,
        -Infinity
      ],
      [
        0.0,
        0.0,
        -Infinity,
        -Infinity
      ],
      [
        0.0,
        0.0,
        0.0,
        -Infinity
      ],
      [
        0.0,
        0.0,
        0.0,
        0.0
      ]
    ],
    "symbol_mask": [
      [
        "0",
        "-inf",
        "-inf",
        "-inf"
      ],
      [
        "0",
        "0",
        "-inf",
        "-inf"
      ],
      [
        "0",
        "0",
        "0",
        "-inf"
      ],
      [
        "0",
        "0",
        "0",
        "0"
      ]
    ]
  }
}