{
  "losses": {
    "32": [
      2.6856453948550754,
      0.9301421178711785,
      0.1671134519080321,
      0.05646227631303999,
      0.035706110298633575,
      0.026127085296644106,
      0.020526850389109716,
      0.0168604107780589,
      0.014282554077605406,
      0.012354797476695644
    ],
    "64": [
      2.7808222505781384,
      0.6116393556197485,
      0.037775490432977676,
      0.023656893314586744,
      0.017337638470861647,
      0.013670670489470163,
      0.011265796505742602,
      0.009564302033848233,
      0.008295998391177919,
      0.007316129333857033
    ],
    "128": [
      2.7818569342295327,
      0.3500231487883462,
      0.011620535722209347,
      0.008601857970158258,
      0.00694894568166799,
      0.005864379151413838,
      0.005086207477789786,
      0.004495269282617503,
      0.004029201162565086,
      0.0036510774969226783
    ]
  },
  "sentence_tokens": [
    "I",
    "am",
    "taking",
    "CS6493",
    "this",
    "semester",
    "and",
    "studying",
    "NLP",
    "is",
    "really",
    "fascinating"
  ]
}